objid,ra,dec
1237665565002760287,229.128774913837,17.4929224312397
1237661433785221322,226.792314357325,38.6169219713367
1237662340009295948,232.187801745383,31.2055212715593
1237662305659126000,231.124719737748,31.5358268307091
1237662306733064384,232.114630652524,32.1014267166433
1237659150461304976,229.457792210954,51.7511089422452
