objid,ra,dec
1237666338653864003,20.6744000370332,-0.449793674762426
1237666338653864005,20.6745171299005,-0.449756868205554
1237663783136854649,30.1732425641404,-0.793297203083184
1237663783136854650,30.1733535569142,-0.79348799018753
