objid,ra,dec
1237657190911050334,13.3621433385064,-0.122599336945021
1237657190911050333,13.3622083638364,-0.122559580670889
1237663783666778534,14.2210816867984,-0.252682782296246
1237663783666778535,14.221090715848,-0.252420622891807
1237657070092485093,43.6521600302448,-0.623455949805032
1237657070092485094,43.6522777248096,-0.623684876488598
